"name,id,time,date"
Harry_200,00:33:47,06-Feb-2024
"name,id,time,date"
Harry_200,00:33:47,06-Feb-2024
"name,id,time,date"
Harry_200,00:33:47,06-Feb-2024
"name,id,time,date"
Harry_200,00:33:47,06-Feb-2024
"name,id,time,date"
Harry_200,00:33:47,06-Feb-2024
"name,id,time,date"
Harry_200,00:33:47,06-Feb-2024
"name,id,time,date"
Harry_200,00:33:47,06-Feb-2024
"name,id,time,date"
Harry_200,00:33:47,06-Feb-2024
"name,id,time,date"
Harry_200,00:33:47,06-Feb-2024
"name,id,time,date"
Harry_200,00:33:47,06-Feb-2024
"name,id,time,date"
Harry_200,00:33:47,06-Feb-2024
"name,id,time,date"
Harry_200,00:33:47,06-Feb-2024
"name,id,time,date"
Harry_200,00:33:47,06-Feb-2024
"name,id,time,date"
Harry_200,00:33:47,06-Feb-2024
"name,id,time,date"
Harry_200,00:33:47,06-Feb-2024
"name,id,time,date"
Harry_200,00:33:47,06-Feb-2024
"name,id,time,date"
Harry_200,00:33:47,06-Feb-2024
"name,id,time,date"
Harry_200,00:33:47,06-Feb-2024
"name,id,time,date"
Harry_200,00:33:47,06-Feb-2024
"name,id,time,date"
Harry_200,00:33:47,06-Feb-2024
"name,id,time,date"
Harry_200,00:33:47,06-Feb-2024
"name,id,time,date"
Harry_200,00:33:47,06-Feb-2024
"name,id,time,date"
Harry_200,00:33:47,06-Feb-2024
"name,id,time,date"
Harry_200,00:33:47,06-Feb-2024
"name,id,time,date"
Harry_200,00:33:47,06-Feb-2024
"name,id,time,date"
Harry_200,00:33:47,06-Feb-2024
"name,id,time,date"
Harry_200,00:33:47,06-Feb-2024
"name,id,time,date"
Harry_200,00:33:47,06-Feb-2024
"name,id,time,date"
Harry_200,00:33:47,06-Feb-2024
"name,id,time,date"
Harry_200,00:33:47,06-Feb-2024
"name,id,time,date"
Harry_200,00:33:47,06-Feb-2024
"name,id,time,date"
Harry_200,00:33:47,06-Feb-2024
"name,id,time,date"
Harry_200,00:33:47,06-Feb-2024
"name,id,time,date"
Harry_200,00:33:47,06-Feb-2024
"name,id,time,date"
Harry_200,00:33:47,06-Feb-2024
"name,id,time,date"
Harry_200,00:33:47,06-Feb-2024
"name,id,time,date"
Harry_200,00:33:47,06-Feb-2024
"name,id,time,date"
Harry_200,00:33:47,06-Feb-2024
"name,id,time,date"
Harry_200,00:33:47,06-Feb-2024
"name,id,time,date"
Harry_200,00:33:47,06-Feb-2024
"name,id,time,date"
Harry_200,00:33:47,06-Feb-2024
"name,id,time,date"
Harry_200,00:33:47,06-Feb-2024
"name,id,time,date"
Harry_200,00:33:47,06-Feb-2024
"name,id,time,date"
Harry_200,00:33:47,06-Feb-2024
"name,id,time,date"
Harry_200,00:33:47,06-Feb-2024
"name,id,time,date"
Harry_200,00:33:47,06-Feb-2024
"name,id,time,date"
Harry_200,00:33:47,06-Feb-2024
"name,id,time,date"
Harry_200,00:33:47,06-Feb-2024
"name,id,time,date"
Harry_200,00:33:47,06-Feb-2024
"name,id,time,date"
Harry_200,00:33:47,06-Feb-2024
"name,id,time,date"
Harry_200,00:33:47,06-Feb-2024
"name,id,time,date"
Harry_200,00:33:47,06-Feb-2024
"name,id,time,date"
Harry_200,00:33:47,06-Feb-2024
"name,id,time,date"
Harry_200,00:33:47,06-Feb-2024
"name,id,time,date"
Harry_200,00:33:47,06-Feb-2024
"name,id,time,date"
Harry_200,00:33:47,06-Feb-2024
"name,id,time,date"
Harry_200,00:33:47,06-Feb-2024
"name,id,time,date"
Harry_200,00:33:47,06-Feb-2024
"name,id,time,date"
Harry_200,00:33:47,06-Feb-2024
"name,id,time,date"
Harry_200,00:33:47,06-Feb-2024
"name,id,time,date"
Harry_200,00:33:47,06-Feb-2024
"name,id,time,date"
Harry_200,00:33:47,06-Feb-2024
"name,id,time,date"
Harry_200,00:33:47,06-Feb-2024
"name,id,time,date"
Harry_200,00:33:47,06-Feb-2024
"name,id,time,date"
Harry_200,00:33:47,06-Feb-2024
"name,id,time,date"
Harry_200,00:33:47,06-Feb-2024
"name,id,time,date"
Harry_200,00:33:47,06-Feb-2024
"name,id,time,date"
Harry_200,00:33:47,06-Feb-2024
"name,id,time,date"
Harry_200,00:33:47,06-Feb-2024
"name,id,time,date"
Harry_200,00:33:47,06-Feb-2024
"name,id,time,date"
Harry_200,00:33:47,06-Feb-2024
"name,id,time,date"
Harry_200,00:33:47,06-Feb-2024
"name,id,time,date"
Harry_200,00:33:47,06-Feb-2024
"name,id,time,date"
Harry_200,00:33:47,06-Feb-2024
"name,id,time,date"
Harry_200,00:33:47,06-Feb-2024
"name,id,time,date"
Harry_200,00:33:47,06-Feb-2024
"name,id,time,date"
Harry_200,00:33:47,06-Feb-2024
"name,id,time,date"
Harry_200,00:33:47,06-Feb-2024
"name,id,time,date"
Harry_200,00:33:47,06-Feb-2024
"name,id,time,date"
Harry_200,00:33:47,06-Feb-2024
"name,id,time,date"
Harry_200,00:33:47,06-Feb-2024
"name,id,time,date"
Harry_200,00:33:47,06-Feb-2024
"name,id,time,date"
Harry_200,00:33:47,06-Feb-2024
"name,id,time,date"
Harry_200,00:33:47,06-Feb-2024
"name,id,time,date"
Harry_200,00:33:47,06-Feb-2024
"name,id,time,date"
Harry_200,00:33:47,06-Feb-2024
"name,id,time,date"
Harry_200,00:33:47,06-Feb-2024
"name,id,time,date"
Harry_200,00:33:47,06-Feb-2024
"name,id,time,date"
Harry_200,00:33:47,06-Feb-2024
"name,id,time,date"
Harry_200,00:33:47,06-Feb-2024
"name,id,time,date"
Harry_200,00:33:47,06-Feb-2024
"name,id,time,date"
Harry_200,00:33:47,06-Feb-2024
"name,id,time,date"
Harry_200,00:33:47,06-Feb-2024
"name,id,time,date"
Harry_200,00:33:47,06-Feb-2024
"name,id,time,date"
Harry_200,00:33:47,06-Feb-2024
"name,id,time,date"
Harry_200,00:33:47,06-Feb-2024
"name,id,time,date"
Harry_200,00:33:47,06-Feb-2024
"name,id,time,date"
Harry_200,00:33:47,06-Feb-2024
"name,id,time,date"
Harry_200,00:33:47,06-Feb-2024
"name,id,time,date"
Harry_200,00:33:47,06-Feb-2024
"name,id,time,date"
Harry_200,00:33:47,06-Feb-2024
"name,id,time,date"
Harry_200,00:33:47,06-Feb-2024
"name,id,time,date"
Harry_200,00:33:47,06-Feb-2024
"name,id,time,date"
Harry_200,00:33:47,06-Feb-2024
"name,id,time,date"
Harry_200,00:33:47,06-Feb-2024
"name,id,time,date"
Harry_200,00:33:47,06-Feb-2024
"name,id,time,date"
Harry_200,00:33:47,06-Feb-2024
"name,id,time,date"
Harry_200,00:33:47,06-Feb-2024
"name,id,time,date"
Harry_200,00:33:47,06-Feb-2024
"name,id,time,date"
Harry_200,00:33:47,06-Feb-2024
"name,id,time,date"
Harry_200,00:33:47,06-Feb-2024
"name,id,time,date"
Harry_200,00:33:47,06-Feb-2024
"name,id,time,date"
Harry_200,00:33:47,06-Feb-2024
"name,id,time,date"
Harry_200,00:33:47,06-Feb-2024
"name,id,time,date"
Harry_200,00:33:47,06-Feb-2024
"name,id,time,date"
Harry_200,00:33:47,06-Feb-2024
"name,id,time,date"
Harry_200,00:33:47,06-Feb-2024
"name,id,time,date"
Harry_200,00:33:47,06-Feb-2024
"name,id,time,date"
Zawar_10,00:33:47,06-Feb-2024
"name,id,time,date"
Zawar_10,00:33:47,06-Feb-2024
"name,id,time,date"
Zawar_10,00:33:47,06-Feb-2024
"name,id,time,date"
Zawar_10,00:33:47,06-Feb-2024
"name,id,time,date"
Zawar_10,00:33:47,06-Feb-2024
"name,id,time,date"
Zawar_10,00:33:47,06-Feb-2024
"name,id,time,date"
Zawar_10,00:33:47,06-Feb-2024
"name,id,time,date"
Zawar_10,00:33:47,06-Feb-2024
"name,id,time,date"
Zawar_10,00:33:47,06-Feb-2024
"name,id,time,date"
Zawar_10,00:33:47,06-Feb-2024
"name,id,time,date"
Zawar_10,00:33:47,06-Feb-2024
"name,id,time,date"
Zawar_10,00:33:47,06-Feb-2024
"name,id,time,date"
Zawar_10,00:33:47,06-Feb-2024
"name,id,time,date"
Zawar_10,00:33:47,06-Feb-2024
"name,id,time,date"
Zawar_10,00:33:47,06-Feb-2024
"name,id,time,date"
Zawar_10,00:33:47,06-Feb-2024
"name,id,time,date"
Zawar_10,00:33:47,06-Feb-2024
"name,id,time,date"
Zawar_10,00:33:47,06-Feb-2024
"name,id,time,date"
Harry_200,00:33:47,06-Feb-2024
"name,id,time,date"
Harry_200,00:33:47,06-Feb-2024
"name,id,time,date"
Harry_200,00:33:47,06-Feb-2024
"name,id,time,date"
Harry_200,00:33:47,06-Feb-2024
"name,id,time,date"
Harry_200,00:33:47,06-Feb-2024
"name,id,time,date"
Harry_200,00:33:47,06-Feb-2024
"name,id,time,date"
Harry_200,00:33:47,06-Feb-2024
